Sender,Body
Person1@example.com,Email
Person2@example.com,Email
Person3@example.com,Email
Person4@example.com,Email
Person5@example.com,Email
Person6@example.com,Email
Person1@example.com,Email
Person2@example.com,Email
Person3@example.com,Email
Person4@example.com,Email
Person5@example.com,Email
Person6@example.com,Email
Person1@example.com,Email
Person2@example.com,Email
Person3@example.com,Email
Person4@example.com,Email
Person5@example.com,Email
Person6@example.com,Email
Person1@example.com,Email
Person2@example.com,Email
Person3@example.com,Email
Person4@example.com,Email
Person5@example.com,Email
Person6@example.com,Email
Person1@example.com,Email
Person2@example.com,Email
Person3@example.com,Email
Person4@example.com,Email
Person5@example.com,Email
Person6@example.com,Email
Person1@example.com,Email
Person2@example.com,Email
Person3@example.com,Email
Person4@example.com,Email
Person5@example.com,Email
Person6@example.com,Email
Person1@example.com,Email
Person2@example.com,Email
Person3@example.com,Email
Person4@example.com,Email
Person5@example.com,Email
Person6@example.com,Email
